﻿{
"ImgFolder" : "img",
"LogoImage" : "C:\\Users\\jhonathan.almeida\\ProjetosTeste\\cms\\logo.png",
"LogoImages" : [
		{"OutputName": "img1.png", "Width" : "50", "Height" : "50"},
		{"OutputName": "img2.png", "Width" : "75", "Height" : "75"},
		{"OutputName": "logoFace.png", "Width" : "16", "Height" : "16"},
		{"OutputName": "logoPrint.png", "Width" : "100", "Height" : "100"},
		{"OutputName": "logoPrint2.png", "Width" : "400", "Height" : "300"}
	],
"WaterMarkImage" : "C:\\Users\\jhonathan.almeida\\ProjetosTeste\\cms\\marca_dagua.png"
}